frame,type,left,reference,left_label,reference_label,iou
adasind_270517.jpg,mismatching_attributes,2,5,Car,Car,0.935
adasind_270517.jpg,missing_annotation,,4,,ThreeWheeler,N/A
adasind_271039.jpg,mismatching_label,2,9,Car,ThreeWheeler,0.836
adasind_271039.jpg,mismatching_attributes,9,8,Pedestrian,Pedestrian,0.815
adasind_271039.jpg,extra_annotation,7,,Pedestrian,,N/A
adasind_271039.jpg,missing_annotation,,4,,Pedestrian,N/A
adasind_271039.jpg,missing_annotation,,6,,ThreeWheeler,N/A
adasind_271039.jpg,missing_annotation,,10,,Pedestrian,N/A
adasind_295948.jpg,mismatching_label,2,1,Truck,Car,0.937
adasind_295948.jpg,missing_annotation,,3,,Bike,N/A
