round,slice,frame,object_ref,cell,what,why,severity,owner,rule_id,evidence,action,rules_version,note
calib,C0,adasind_019560.jpg,L2,na,SPURIOUS,E1_annotator_error,P1,annotator,R03,compare.html L2 màu cam (SPURIOUS) tại x≈630 y≈734 w≈55 h≈180 — vị trí trùng gần box L3 Bike MATCHED,rework,1.0.0,Vẽ Pedestrian riêng cho người trên Bike — theo R03 rider+bike là một box Bike duy nhất không tách. Đã xóa L2 Pedestrian.
calib,C0,adasind_019560.jpg,R5,na,MISSING,E1_annotator_error,P1,annotator,R01,compare.html R5 màu đỏ (MISSING) ThreeWheeler tại x≈327 y≈721 — nằm trong vùng hợp lệ không bị ignore che,rework,1.0.0,Bỏ sót ThreeWheeler lớn ở giữa ảnh (h≈128px > 40px theo R01). Đã vẽ bổ sung.
calib,C0,adasind_019560.jpg,R6,na,MISSING,E1_annotator_error,P1,annotator,R01,compare.html R6 màu đỏ (MISSING) ThreeWheeler tại x≈287 y≈743 — hai xe ba bánh đứng gần nhau,rework,1.0.0,Bỏ sót ThreeWheeler nhỏ cạnh R5 (h≈82px > 40px theo R01). Đã vẽ bổ sung.
calib,C0,adasind_019560.jpg,L2+R6,na,ATTRIBUTE,E1_annotator_error,P2,annotator,R05,compare.html L2 màu vàng (ATTRIBUTE) tại x≈281 y≈738 w≈52 h≈95 — class đúng nhưng attribute lệch R6,rework,1.0.0,L2 ThreeWheeler khớp R6 nhưng sai attribute truncated/occluded do gần biên ảnh. Đã chỉnh sửa.
calib,C0,adasind_019560.jpg,L3+R5,na,WRONG_CLASS,E1_annotator_error,P1,annotator,R04,compare.html L3 màu tím (WRONG_CLASS) tại x≈331 y≈732 w≈87 h≈113 — khớp vị trí R5 ThreeWheeler nhưng nhầm thành Bus,rework,1.0.0,Xe ba bánh bị nhầm thành Bus do méo fisheye. Đã sửa class sang ThreeWheeler theo R04.
calib,C0,adasind_019560.jpg,L5+R1,na,DUPLICATE,E1_annotator_error,P1,annotator,R01,compare.html L5 màu hồng (DUPLICATE) tại x≈587 y≈798 w≈144 h≈115 — chồng lên L4 MATCHED,rework,1.0.0,Hai box Bike cùng bao một đối tượng do bấm nhầm. Đã xóa L5 giữ L4.
r2_qa,B4-center,adasind_271039.jpg,L2,L_only,WRONG_CLASS,,P1,qa,R04,qa_overlay.html L2 Car tại x≈3 y≈822 w≈34 h≈60 là xe ba bánh chở khách auto-rickshaw,,1.0.0,Nghi ngờ gán nhầm ThreeWheeler thành Car ở góc trái
r2_qa,B4-center,adasind_270517.jpg,Missing,L_only,MISSING,,P1,qa,R01,qa_review.md: vùng x≈167-269 y≈728-878 có ThreeWheeler cao khoảng 150px trong vùng hợp lệ nhưng chưa có box,,1.0.0,Thêm box ThreeWheeler theo phần nhìn thấy; giữ ghi chú ở trạng thái QA, chưa kết luận nguyên nhân
r2_qa,B4-center,adasind_271039.jpg,L7,L_only,DUPLICATE,,P1,qa,R01,qa_overlay.html L7 Pedestrian tại x≈395 y≈824 nằm trọn trong L9 Pedestrian tại x≈390 y≈808,,1.0.0,Trùng lặp 2 box cho cùng một người đi bộ ở trung tâm
r2_qa,B4-center,adasind_271039.jpg,Missing,L_only,MISSING,,P1,qa,R01,qa_review.md: Pedestrian sát biên phải x≈992 y≈845 rộng khoảng 34px cao khoảng 130px chưa có box,,1.0.0,Thiếu box cho người đi bộ nhìn thấy ở sát biên phải
r2_qa,B4-center,adasind_295948.jpg,L2,L_only,WRONG_CLASS,,P1,qa,R04,qa_overlay.html L2 Truck tại x≈460 y≈892 w≈194 h≈190 là xe ô tô cá nhân/SUV chở người,,1.0.0,Nghi ngờ xe chở người Car gán nhầm thành Truck
r2_qa,B4-center,adasind_295948.jpg,ignore_region,L_only,IGNORE_SCOPE,,P0,qa,R08,qa_overlay.html frame 295948 có 4 polygon ignore đều mang reason ego_body thiếu lens_border,,1.0.0,Thiếu polygon lens_border ở rìa ngoài vòng kính theo quy ước
r2_qa,B4-center,adasind_295948.jpg,Missing,L_only,MISSING,,P1,qa,R01,qa_review.md: xe hai bánh lớn ở tiền cảnh bên phải x≈570..1080 y≈605..1720 chưa có box Bike,,1.0.0,Thiếu box Bike cho xe hai bánh lớn ở tiền cảnh phải
